{
  "accuracy": 0.7959183673469388,
  "per_class_accuracy": {
    "crown_thrust_correct": 0.8,
    "left_chest_thrust_correct": 0.8,
    "left_elbow_block_correct": 0.6,
    "left_eye_thrust_correct": 0.8235294117647058,
    "left_knee_block_correct": 0.6428571428571429,
    "left_temple_block_correct": 0.9,
    "neutral_stance": 1.0,
    "right_chest_thrust_correct": 0.7142857142857143,
    "right_elbow_block_correct": 0.5833333333333334,
    "right_eye_thrust_correct": 0.8,
    "right_knee_block_correct": 0.8333333333333334,
    "right_temple_block_correct": 0.8666666666666667,
    "solar_plexus_thrust_correct": 0.9375
  },
  "confusion_matrix": [
    [
      12,
      0,
      0,
      2,
      0,
      0,
      0,
      0,
      1,
      0,
      0,
      0,
      0
    ],
    [
      0,
      12,
      1,
      2,
      0,
      0,
      0,
      0,
      0,
      0,
      0,
      0,
      0
    ],
    [
      0,
      0,
      9,
      0,
      0,
      1,
      0,
      0,
      3,
      0,
      1,
      1,
      0
    ],
    [
      0,
      0,
      0,
      14,
      0,
      1,
      0,
      1,
      0,
      0,
      0,
      1,
      0
    ],
    [
      1,
      1,
      0,
      0,
      9,
      0,
      0,
      0,
      0,
      0,
      3,
      0,
      0
    ],
    [
      0,
      1,
      0,
      0,
      0,
      18,
      0,
      1,
      0,
      0,
      0,
      0,
      0
    ],
    [
      0,
      0,
      0,
      0,
      0,
      0,
      10,
      0,
      0,
      0,
      0,
      0,
      0
    ],
    [
      1,
      0,
      0,
      1,
      0,
      1,
      0,
      10,
      0,
      1,
      0,
      0,
      0
    ],
    [
      0,
      1,
      0,
      0,
      0,
      0,
      0,
      0,
      7,
      0,
      0,
      3,
      1
    ],
    [
      1,
      0,
      0,
      0,
      0,
      0,
      0,
      2,
      0,
      12,
      0,
      0,
      0
    ],
    [
      0,
      0,
      0,
      0,
      2,
      0,
      0,
      1,
      0,
      0,
      15,
      0,
      0
    ],
    [
      0,
      0,
      0,
      1,
      0,
      1,
      0,
      0,
      0,
      0,
      0,
      13,
      0
    ],
    [
      0,
      0,
      0,
      0,
      0,
      1,
      0,
      0,
      0,
      0,
      0,
      0,
      15
    ]
  ]
}