{
  "accuracy": 0.8010204081632653,
  "per_class_accuracy": {
    "crown_thrust_correct": 0.8666666666666667,
    "left_chest_thrust_correct": 0.8,
    "left_elbow_block_correct": 0.6666666666666666,
    "left_eye_thrust_correct": 0.7058823529411765,
    "left_knee_block_correct": 0.7142857142857143,
    "left_temple_block_correct": 0.8,
    "neutral_stance": 1.0,
    "right_chest_thrust_correct": 0.7142857142857143,
    "right_elbow_block_correct": 0.75,
    "right_eye_thrust_correct": 0.8,
    "right_knee_block_correct": 0.8333333333333334,
    "right_temple_block_correct": 0.8666666666666667,
    "solar_plexus_thrust_correct": 0.9375
  },
  "confusion_matrix": [
    [
      13,
      0,
      0,
      1,
      0,
      0,
      0,
      0,
      1,
      0,
      0,
      0,
      0
    ],
    [
      0,
      12,
      1,
      2,
      0,
      0,
      0,
      0,
      0,
      0,
      0,
      0,
      0
    ],
    [
      0,
      0,
      10,
      0,
      0,
      1,
      0,
      0,
      0,
      1,
      1,
      1,
      1
    ],
    [
      0,
      3,
      1,
      12,
      0,
      1,
      0,
      0,
      0,
      0,
      0,
      0,
      0
    ],
    [
      1,
      0,
      0,
      0,
      10,
      0,
      0,
      0,
      0,
      0,
      2,
      0,
      1
    ],
    [
      0,
      2,
      0,
      0,
      0,
      16,
      0,
      0,
      0,
      0,
      0,
      1,
      1
    ],
    [
      0,
      0,
      0,
      0,
      0,
      0,
      10,
      0,
      0,
      0,
      0,
      0,
      0
    ],
    [
      1,
      0,
      0,
      1,
      0,
      0,
      0,
      10,
      0,
      1,
      0,
      1,
      0
    ],
    [
      0,
      0,
      0,
      0,
      0,
      0,
      0,
      0,
      9,
      0,
      0,
      2,
      1
    ],
    [
      0,
      0,
      0,
      0,
      0,
      0,
      0,
      2,
      0,
      12,
      0,
      1,
      0
    ],
    [
      0,
      0,
      0,
      0,
      2,
      0,
      0,
      1,
      0,
      0,
      15,
      0,
      0
    ],
    [
      0,
      0,
      1,
      1,
      0,
      0,
      0,
      0,
      0,
      0,
      0,
      13,
      0
    ],
    [
      0,
      0,
      0,
      0,
      0,
      1,
      0,
      0,
      0,
      0,
      0,
      0,
      15
    ]
  ]
}