{
  "accuracy": 0.6827586206896552,
  "per_class_accuracy": {
    "crown_thrust_correct": 0.8181818181818182,
    "left_chest_thrust_correct": 0.6363636363636364,
    "left_elbow_block_correct": 0.45454545454545453,
    "left_eye_thrust_correct": 0.38461538461538464,
    "left_knee_block_correct": 0.5,
    "left_temple_block_correct": 0.7333333333333333,
    "neutral_stance": 1.0,
    "right_chest_thrust_correct": 0.5,
    "right_elbow_block_correct": 0.6666666666666666,
    "right_eye_thrust_correct": 0.7,
    "right_knee_block_correct": 0.8461538461538461,
    "right_temple_block_correct": 0.7777777777777778,
    "solar_plexus_thrust_correct": 0.9
  },
  "confusion_matrix": [
    [
      9,
      0,
      0,
      0,
      0,
      0,
      0,
      0,
      2,
      0,
      0,
      0,
      0
    ],
    [
      0,
      7,
      1,
      2,
      0,
      0,
      0,
      0,
      0,
      1,
      0,
      0,
      0
    ],
    [
      0,
      1,
      5,
      0,
      0,
      1,
      0,
      0,
      2,
      1,
      0,
      1,
      0
    ],
    [
      1,
      3,
      1,
      5,
      0,
      1,
      0,
      0,
      1,
      0,
      1,
      0,
      0
    ],
    [
      1,
      0,
      0,
      0,
      5,
      0,
      0,
      0,
      0,
      0,
      3,
      0,
      1
    ],
    [
      0,
      2,
      0,
      0,
      0,
      11,
      0,
      1,
      0,
      0,
      0,
      0,
      1
    ],
    [
      0,
      0,
      0,
      0,
      0,
      0,
      10,
      0,
      0,
      0,
      0,
      0,
      0
    ],
    [
      1,
      0,
      1,
      0,
      0,
      0,
      0,
      5,
      1,
      2,
      0,
      0,
      0
    ],
    [
      0,
      1,
      1,
      0,
      0,
      0,
      0,
      0,
      8,
      0,
      0,
      2,
      0
    ],
    [
      1,
      0,
      0,
      0,
      0,
      0,
      0,
      2,
      0,
      7,
      0,
      0,
      0
    ],
    [
      0,
      0,
      0,
      0,
      1,
      0,
      0,
      1,
      0,
      0,
      11,
      0,
      0
    ],
    [
      0,
      0,
      1,
      1,
      0,
      0,
      0,
      0,
      0,
      0,
      0,
      7,
      0
    ],
    [
      0,
      1,
      0,
      0,
      0,
      0,
      0,
      0,
      0,
      0,
      0,
      0,
      9
    ]
  ]
}