{
  "accuracy": 0.7724137931034483,
  "per_class_accuracy": {
    "crown_thrust_correct": 0.5384615384615384,
    "left_chest_thrust_correct": 0.8181818181818182,
    "left_elbow_block_correct": 0.5555555555555556,
    "left_eye_thrust_correct": 0.8333333333333334,
    "left_knee_block_correct": 0.9230769230769231,
    "left_temple_block_correct": 0.7333333333333333,
    "right_chest_thrust_correct": 0.8181818181818182,
    "right_elbow_block_correct": 0.7857142857142857,
    "right_eye_thrust_correct": 1.0,
    "right_knee_block_correct": 0.6363636363636364,
    "right_temple_block_correct": 0.75,
    "solar_plexus_thrust_correct": 0.8181818181818182
  },
  "confusion_matrix": [
    [
      7,
      0,
      0,
      3,
      0,
      0,
      0,
      1,
      0,
      0,
      2,
      0
    ],
    [
      0,
      9,
      0,
      0,
      0,
      0,
      1,
      1,
      0,
      0,
      0,
      0
    ],
    [
      0,
      1,
      5,
      0,
      0,
      0,
      0,
      0,
      1,
      1,
      0,
      1
    ],
    [
      2,
      0,
      0,
      10,
      0,
      0,
      0,
      0,
      0,
      0,
      0,
      0
    ],
    [
      0,
      0,
      0,
      0,
      12,
      1,
      0,
      0,
      0,
      0,
      0,
      0
    ],
    [
      0,
      0,
      0,
      2,
      0,
      11,
      0,
      2,
      0,
      0,
      0,
      0
    ],
    [
      0,
      0,
      0,
      0,
      0,
      1,
      9,
      0,
      0,
      0,
      0,
      1
    ],
    [
      1,
      1,
      0,
      0,
      0,
      0,
      0,
      11,
      0,
      0,
      1,
      0
    ],
    [
      0,
      0,
      0,
      0,
      0,
      0,
      0,
      0,
      13,
      0,
      0,
      0
    ],
    [
      0,
      2,
      0,
      0,
      2,
      0,
      0,
      0,
      0,
      7,
      0,
      0
    ],
    [
      0,
      1,
      0,
      0,
      0,
      2,
      0,
      0,
      0,
      0,
      9,
      0
    ],
    [
      0,
      0,
      1,
      0,
      1,
      0,
      0,
      0,
      0,
      0,
      0,
      9
    ]
  ]
}