{
  "accuracy": 0.8260869565217391,
  "per_class_accuracy": {
    "crown_thrust_correct": 0.8,
    "left_chest_thrust_correct": 0.8666666666666667,
    "left_elbow_block_correct": 0.7142857142857143,
    "left_eye_thrust_correct": 0.8235294117647058,
    "left_knee_block_correct": 0.7857142857142857,
    "left_temple_block_correct": 0.8947368421052632,
    "right_chest_thrust_correct": 0.7142857142857143,
    "right_elbow_block_correct": 0.6666666666666666,
    "right_eye_thrust_correct": 0.9333333333333333,
    "right_knee_block_correct": 0.7777777777777778,
    "right_temple_block_correct": 0.9333333333333333,
    "solar_plexus_thrust_correct": 0.9375
  },
  "confusion_matrix": [
    [
      12,
      0,
      0,
      0,
      0,
      0,
      0,
      1,
      1,
      0,
      1,
      0
    ],
    [
      1,
      13,
      0,
      0,
      0,
      0,
      1,
      0,
      0,
      0,
      0,
      0
    ],
    [
      1,
      0,
      10,
      0,
      0,
      0,
      0,
      0,
      1,
      0,
      2,
      0
    ],
    [
      1,
      0,
      0,
      14,
      0,
      0,
      2,
      0,
      0,
      0,
      0,
      0
    ],
    [
      0,
      0,
      0,
      1,
      11,
      2,
      0,
      0,
      0,
      0,
      0,
      0
    ],
    [
      0,
      0,
      0,
      0,
      0,
      17,
      0,
      1,
      0,
      0,
      1,
      0
    ],
    [
      0,
      1,
      1,
      0,
      0,
      1,
      10,
      0,
      1,
      0,
      0,
      0
    ],
    [
      1,
      0,
      0,
      0,
      0,
      0,
      0,
      8,
      1,
      0,
      2,
      0
    ],
    [
      0,
      0,
      0,
      0,
      0,
      0,
      1,
      0,
      14,
      0,
      0,
      0
    ],
    [
      0,
      0,
      2,
      0,
      2,
      0,
      0,
      0,
      0,
      14,
      0,
      0
    ],
    [
      0,
      0,
      0,
      0,
      0,
      1,
      0,
      0,
      0,
      0,
      14,
      0
    ],
    [
      0,
      0,
      0,
      0,
      0,
      0,
      0,
      1,
      0,
      0,
      0,
      15
    ]
  ]
}